model_name,framework,load_time,peak_memory_mb,inference_time,tokens_generated,tokens_per_sec,similarity_score,generated_text,output_file,error
mlx-community/Phi-3-mini-4k-instruct-4bit,mlx,0.6496852919990488,2096.40625,17.580241666999427,193,10.978233613380185,0.776465892791748,"Act as a Senior React Developer

CLARIFY SCOPE & CONTEXT:
- Known technologies: React, JavaScript
- Missing details: Specific requirements for the Facebook-like application

ENFORCE ACTIONABLE STRUCTU",output_mlx_community_Phi_3_mini_4k_instruct_4bit.txt,
mlx-community/TinyLlama-1.1B-Chat-v1.0-4bit,mlx,0.39421383299850277,695.984375,13.648936999999933,488,35.75370008668092,0.7613508105278015,"I do not have the capability to build a react app like facebook. However, I can provide you with a general guide on how to build a react app like facebook.

1. Choose a framework:
there are several po",output_mlx_community_TinyLlama_1.1B_Chat_v1.0_4bit.txt,
mlx-community/Meta-Llama-3-8B-Instruct-4bit,mlx,2.2100167499993404,842.96875,61.61078537499998,800,12.984739524593348,0.7518641948699951,"Here is a refactored prompt that clarifies the intent and elicits the best possible technical response from an LLM:

**Act as a Senior Software Engineer**

**Build a React App like Facebook**

**Scope",output_mlx_community_Meta_Llama_3_8B_Instruct_4bit.txt,
mlx-community/gemma-2b-it-4bit,mlx,0.0,0.0,0.0,0,0.0,0.0,,,Failed to load model
mlx-community/Qwen2-1.5B-Instruct-4bit,mlx,1.4009559999994963,-762.0,6.653102917000069,225,33.81880647375497,0.820099949836731,"Act as a Senior Software Engineer

Clarify Scope & Context:
- Known Technologies: React, JavaScript, CSS, HTML
- Facebook's React app architecture
- Facebook's user authentication and social graph fea",output_mlx_community_Qwen2_1.5B_Instruct_4bit.txt,
mlx-community/Mistral-7B-Instruct-v0.3-4bit,mlx,1.5232466670004214,1820.09375,25.6903714580003,286,11.13257550470085,0.8210274577140808,"Act as a Senior Software Engineer with expertise in React and modern web development practices.

SCOPE & CONTEXT:
The user requires a React application similar to Facebook. The specific technology sta",output_mlx_community_Mistral_7B_Instruct_v0.3_4bit.txt,
